"title","description","cost","min_age","start","end","published","theme","event_type","picture","contact_name","contact_email_address","contact_phone_number","organisation","cyberevent","venue_name","venue_address_1","venue_address_2","venue_address_3","venue_city","venue_county","venue_postcode","provider","booking required"
"Computers - Choose IT - Use IT",,,,07/10/09 18:30,,,"Technology & Broadcasting","Workshop",,,,,,,"Oriel Avenue",,"Gorleston",,"Gt Yarmouth","Norfolk","NR31 7JJ",,
"Computers - Choose IT - Use IT",,,,14/10/09 18:30,,,"Technology & Broadcasting","Workshop",,,,,,,"Oriel Avenue",,"Gorleston",,"Gt Yarmouth","Norfolk","NR31 7JJ",,
"Computers - Choose IT - Use IT",,,,21/10/09 18:30,,,"Technology & Broadcasting","Workshop",,,,,,,"Oriel Avenue",,"Gorleston",,"Gt Yarmouth","Norfolk","NR31 7JJ",,
"Computers - Choose IT - Use IT",,,,28/10/09 18:30,,,"Technology & Broadcasting","Workshop",,,,,,,"Oriel Avenue",,"Gorleston",,"Gt Yarmouth","Norfolk","NR31 7JJ",,
"Computers - Choose IT - Use IT",,,,04/11/09 18:30,,,"Technology & Broadcasting","Workshop",,,,,,,"Oriel Avenue",,"Gorleston",,"Gt Yarmouth","Norfolk","NR31 7JJ",,
"Computers - Choose IT - Use IT",,,,11/11/09 18:30,,,"Technology & Broadcasting","Workshop",,,,,,,"Oriel Avenue",,"Gorleston",,"Gt Yarmouth","Norfolk","NR31 7JJ",,
"Computers - Web Page Skills For Beginner",,,,14/10/09 19:00,,,"Technology & Broadcasting","Workshop",,,,,,,"Oriel Avenue",,"Gorleston",,"Gt Yarmouth","Norfolk","NR31 7JJ",,
"Computers - Web Page Skills For Beginner",,,,21/10/09 19:00,,,"Technology & Broadcasting","Workshop",,,,,,,"Oriel Avenue",,"Gorleston",,"Gt Yarmouth","Norfolk","NR31 7JJ",,
"Computers - Web Page Skills For Beginner",,,,28/10/09 19:00,,,"Technology & Broadcasting","Workshop",,,,,,,"Oriel Avenue",,"Gorleston",,"Gt Yarmouth","Norfolk","NR31 7JJ",,
"Computers - Web Page Skills For Beginner",,,,04/11/09 19:00,,,"Technology & Broadcasting","Workshop",,,,,,,"Oriel Avenue",,"Gorleston",,"Gt Yarmouth","Norfolk","NR31 7JJ",,
"Computers - Web Page Skills For Beginner",,,,11/11/09 19:00,,,"Technology & Broadcasting","Workshop",,,,,,,"Oriel Avenue",,"Gorleston",,"Gt Yarmouth","Norfolk","NR31 7JJ",,
"Computers - Web Page Skills For Beginner",,,,18/11/09 19:00,,,"Technology & Broadcasting","Workshop",,,,,,,"Oriel Avenue",,"Gorleston",,"Gt Yarmouth","Norfolk","NR31 7JJ",,
"Computers - PC Starter Skills",,,,15/10/09 14:00,,,"Technology & Broadcasting","Workshop",,,,,,,"30 Regent Street",,,,"Great Yarmouth","Norfolk","NR30 1RR",,
"Computers - PC Starter Skills",,,,22/10/09 14:00,,,"Technology & Broadcasting","Workshop",,,,,,,"30 Regent Street",,,,"Great Yarmouth","Norfolk","NR30 1RR",,
"Computers - PC Starter Skills",,,,29/10/09 14:00,,,"Technology & Broadcasting","Workshop",,,,,,,"30 Regent Street",,,,"Great Yarmouth","Norfolk","NR30 1RR",,
"Computers - PC Starter Skills",,,,05/11/09 14:00,,,"Technology & Broadcasting","Workshop",,,,,,,"30 Regent Street",,,,"Great Yarmouth","Norfolk","NR30 1RR",,
"Computers - PC Starter Skills",,,,12/11/09 14:00,,,"Technology & Broadcasting","Workshop",,,,,,,"30 Regent Street",,,,"Great Yarmouth","Norfolk","NR30 1RR",,
"Computers - PC Starter Skills",,,,19/11/09 14:00,,,"Technology & Broadcasting","Workshop",,,,,,,"30 Regent Street",,,,"Great Yarmouth","Norfolk","NR30 1RR",,
"Digital Photography Workshop - Begs 1",,,,03/10/09 10:30,,,"Culture, Arts & Crafts","Workshop",,,,,,,"Station Road",,,,"Wells","Norfolk","NR23 1EA",,
"Computers - PC Internet Skills",,,,15/10/09 13:00,,,"Technology & Broadcasting","Workshop",,,,,,,"Grammar School Road",,,,"North Walsham","Norfolk","NR28 9JH",,
"Computers - PC Internet Skills",,,,22/10/09 13:00,,,"Technology & Broadcasting","Workshop",,,,,,,"Grammar School Road",,,,"North Walsham","Norfolk","NR28 9JH",,
"Computers - PC Internet Skills",,,,29/10/09 13:00,,,"Technology & Broadcasting","Workshop",,,,,,,"Grammar School Road",,,,"North Walsham","Norfolk","NR28 9JH",,
"Computers - PC Internet Skills",,,,05/11/09 13:00,,,"Technology & Broadcasting","Workshop",,,,,,,"Grammar School Road",,,,"North Walsham","Norfolk","NR28 9JH",,
"Computers - PC Internet Skills",,,,12/11/09 13:00,,,"Technology & Broadcasting","Workshop",,,,,,,"Grammar School Road",,,,"North Walsham","Norfolk","NR28 9JH",,
"Computers - PC Internet Skills",,,,19/10/09 13:00,,,"Technology & Broadcasting","Workshop",,,,,,,"Grammar School Road",,,,"North Walsham","Norfolk","NR28 9JH",,
"French Advanced",,,,01/10/09 09:45,,,"Languages and Travel","Class",,,,,,,"Grammar School Road",,,,"North Walsham","Norfolk","NR28 9JH",,
"French Advanced",,,,08/10/09 09:45,,,"Languages and Travel","Class",,,,,,,"Grammar School Road",,,,"North Walsham","Norfolk","NR28 9JH",,
"French Advanced",,,,15/10/09 09:45,,,"Languages and Travel","Class",,,,,,,"Grammar School Road",,,,"North Walsham","Norfolk","NR28 9JH",,
"French Advanced",,,,22/10/09 09:45,,,"Languages and Travel","Class",,,,,,,"Grammar School Road",,,,"North Walsham","Norfolk","NR28 9JH",,
"French Advanced",,,,29/10/09 09:45,,,"Languages and Travel","Class",,,,,,,"Grammar School Road",,,,"North Walsham","Norfolk","NR28 9JH",,
"French Advanced",,,,05/11/09 09:45,,,"Languages and Travel","Class",,,,,,,"Grammar School Road",,,,"North Walsham","Norfolk","NR28 9JH",,
"French Advanced",,,,12/11/09 09:45,,,"Languages and Travel","Class",,,,,,,"Grammar School Road",,,,"North Walsham","Norfolk","NR28 9JH",,
"French Advanced",,,,19/11/09 09:45,,,"Languages and Travel","Class",,,,,,,"Grammar School Road",,,,"North Walsham","Norfolk","NR28 9JH",,
"French Advanced",,,,26/11/09 09:45,,,"Languages and Travel","Class",,,,,,,"Grammar School Road",,,,"North Walsham","Norfolk","NR28 9JH",,
"French Advanced",,,,03/12/09 09:45,,,"Languages and Travel","Class",,,,,,,"Grammar School Road",,,,"North Walsham","Norfolk","NR28 9JH",,
"Spanish Advanced",,,,01/10/09 19:00,,,"Languages and Travel","Class",,,,,,,"21 Oak Street",,,,"Fakenham","Norfolk","NR21 9DX",,
"Spanish Advanced",,,,08/10/09 19:00,,,"Languages and Travel","Class",,,,,,,"21 Oak Street",,,,"Fakenham","Norfolk","NR21 9DX",,
"Spanish Advanced",,,,15/10/09 19:00,,,"Languages and Travel","Class",,,,,,,"21 Oak Street",,,,"Fakenham","Norfolk","NR21 9DX",,
"Spanish Advanced",,,,22/10/09 19:00,,,"Languages and Travel","Class",,,,,,,"21 Oak Street",,,,"Fakenham","Norfolk","NR21 9DX",,
"Spanish Advanced",,,,29/10/09 19:00,,,"Languages and Travel","Class",,,,,,,"21 Oak Street",,,,"Fakenham","Norfolk","NR21 9DX",,
"Spanish Advanced",,,,05/11/09 19:00,,,"Languages and Travel","Class",,,,,,,"21 Oak Street",,,,"Fakenham","Norfolk","NR21 9DX",,
"Spanish Advanced",,,,12/11/09 19:00,,,"Languages and Travel","Class",,,,,,,"21 Oak Street",,,,"Fakenham","Norfolk","NR21 9DX",,
"Spanish Advanced",,,,19/11/09 19:00,,,"Languages and Travel","Class",,,,,,,"21 Oak Street",,,,"Fakenham","Norfolk","NR21 9DX",,
"Spanish Advanced",,,,26/11/09 19:00,,,"Languages and Travel","Class",,,,,,,"21 Oak Street",,,,"Fakenham","Norfolk","NR21 9DX",,
"Spanish Advanced",,,,03/12/09 19:00,,,"Languages and Travel","Class",,,,,,,"21 Oak Street",,,,"Fakenham","Norfolk","NR21 9DX",,
"French Advanced",,,,02/10/09 10:00,,,"Languages and Travel","Class",,,,,,,"Old Station Way",,"Hempstead Way",,"Holt","Norfolk","NR25 6DH",,
"French Advanced",,,,09/10/09 10:00,,,"Languages and Travel","Class",,,,,,,"Old Station Way",,"Hempstead Way",,"Holt","Norfolk","NR25 6DH",,
"French Advanced",,,,16/10/09 10:00,,,"Languages and Travel","Class",,,,,,,"Old Station Way",,"Hempstead Way",,"Holt","Norfolk","NR25 6DH",,
"French Advanced",,,,23/10/09 10:00,,,"Languages and Travel","Class",,,,,,,"Old Station Way",,"Hempstead Way",,"Holt","Norfolk","NR25 6DH",,
"French Advanced",,,,30/10/09 10:00,,,"Languages and Travel","Class",,,,,,,"Old Station Way",,"Hempstead Way",,"Holt","Norfolk","NR25 6DH",,
"French Advanced",,,,06/11/09 10:00,,,"Languages and Travel","Class",,,,,,,"Old Station Way",,"Hempstead Way",,"Holt","Norfolk","NR25 6DH",,
"French Advanced",,,,13/11/09 10:00,,,"Languages and Travel","Class",,,,,,,"Old Station Way",,"Hempstead Way",,"Holt","Norfolk","NR25 6DH",,
"French Advanced",,,,20/11/09 10:00,,,"Languages and Travel","Class",,,,,,,"Old Station Way",,"Hempstead Way",,"Holt","Norfolk","NR25 6DH",,
"French Advanced",,,,27/11/09 10:00,,,"Languages and Travel","Class",,,,,,,"Old Station Way",,"Hempstead Way",,"Holt","Norfolk","NR25 6DH",,
"French Advanced",,,,04/12/09 10:00,,,"Languages and Travel","Class",,,,,,,"Old Station Way",,"Hempstead Way",,"Holt","Norfolk","NR25 6DH",,
"Cookery - Thai",,,,03/10/09 10:00,,,"Food and Cookery","Class",,,,,,,"101 Cannerby Lane",,"Sprowston",,"Norwich","Norfolk","NR7 8NE",,
"An Introduction To Using Reminiscence",,,,05/10/09 09:30,,,"Health and Wellbeing","Other",,,,,,,"169 King Street",,,,"Norwich","Norfolk","NR1 1QW",,
"Indian Head Massage Workshop",,,,10/10/09 10:00,,,"Health and Wellbeing","Workshop",,,,,,,"North Site",,"Longfields Road",,"Norwich","Norfolk","NR7 0NB",,
"Digital Photography-Beginners Workshop",,,,24/10/09 10:00,,,"Culture, Arts & Crafts","Workshop",,,,,,,"169 King Street",,,,"Norwich","Norfolk","NR1 1QW",,
"Yoga, Meditation & Deep Relaxation Day",,,,24/10/09 10:00,,,"Health and Wellbeing","Other",,,,,,,"169 King Street",,,,"Norwich","Norfolk","NR1 1QW",,
"Assertiveness At Work",,,,24/10/09 10:00,,,"Community Action","Workshop",,,,,,,"169 King Street",,,,"Norwich","Norfolk","NR1 1QW",,
"Indian Head Massage Workshop",,,,24/10/09 10:00,,,"Health and Wellbeing","Workshop",,,,,,,"169 King Street",,,,"Norwich","Norfolk","NR1 1QW",,
"Cookery - Ideas For Dinner Parties",,,,06/10/09 19:00,,,"Food and Cookery","Class",,,,,,,"Middletons Lane",,,"Hellesdon","Norwich","Norfolk","NR6 5SB",,
"Cookery - Ideas For Dinner Parties",,,,13/10/09 19:00,,,"Food and Cookery","Class",,,,,,,"Middletons Lane",,,"Hellesdon","Norwich","Norfolk","NR6 5SB",,
"Cookery - Ideas For Dinner Parties",,,,20/10/09 19:00,,,"Food and Cookery","Class",,,,,,,"Middletons Lane",,,"Hellesdon","Norwich","Norfolk","NR6 5SB",,
"Cookery - Ideas For Dinner Parties",,,,27/10/09 19:00,,,"Food and Cookery","Class",,,,,,,"Middletons Lane",,,"Hellesdon","Norwich","Norfolk","NR6 5SB",,
"Cookery - Ideas For Dinner Parties",,,,03/11/09 19:00,,,"Food and Cookery","Class",,,,,,,"Middletons Lane",,,"Hellesdon","Norwich","Norfolk","NR6 5SB",,
"Computers - PC Internet Skills",,,,12/10/09 14:00,,,"Technology & Broadcasting","Workshop",,,,,,,"Norman Centre",,"Bignold Road",,"Norwich","Norfolk","NR3 2QZ",,
"Computers - PC Internet Skills",,,,19/10/09 14:00,,,"Technology & Broadcasting","Workshop",,,,,,,"Norman Centre",,"Bignold Road",,"Norwich","Norfolk","NR3 2QZ",,
"Computers - PC Internet Skills",,,,26/10/09 14:00,,,"Technology & Broadcasting","Workshop",,,,,,,"Norman Centre",,"Bignold Road",,"Norwich","Norfolk","NR3 2QZ",,
"Computers - PC Internet Skills",,,,02/11/09 14:00,,,"Technology & Broadcasting","Workshop",,,,,,,"Norman Centre",,"Bignold Road",,"Norwich","Norfolk","NR3 2QZ",,
"Computers - PC Internet Skills",,,,09/11/09 14:00,,,"Technology & Broadcasting","Workshop",,,,,,,"Norman Centre",,"Bignold Road",,"Norwich","Norfolk","NR3 2QZ",,
"Computers - PC Internet Skills",,,,16/11/09 14:00,,,"Technology & Broadcasting","Workshop",,,,,,,"Norman Centre",,"Bignold Road",,"Norwich","Norfolk","NR3 2QZ",,
"Computers - Web Page Skills For Improver",,,,12/10/09 19:00,,,"Technology & Broadcasting","Workshop",,,,,,,"Norman Centre",,"Bignold Road",,"Norwich","Norfolk","NR3 2QZ",,
"Computers - Web Page Skills For Improver",,,,19/10/09 19:00,,,"Technology & Broadcasting","Workshop",,,,,,,"Norman Centre",,"Bignold Road",,"Norwich","Norfolk","NR3 2QZ",,
"Computers - Web Page Skills For Improver",,,,26/10/09 19:00,,,"Technology & Broadcasting","Workshop",,,,,,,"Norman Centre",,"Bignold Road",,"Norwich","Norfolk","NR3 2QZ",,
"Computers - Web Page Skills For Improver",,,,02/11/09 19:00,,,"Technology & Broadcasting","Workshop",,,,,,,"Norman Centre",,"Bignold Road",,"Norwich","Norfolk","NR3 2QZ",,
"Computers - Web Page Skills For Improver",,,,09/11/09 19:00,,,"Technology & Broadcasting","Workshop",,,,,,,"Norman Centre",,"Bignold Road",,"Norwich","Norfolk","NR3 2QZ",,
"Computers - Web Page Skills For Improver",,,,16/11/09 19:00,,,"Technology & Broadcasting","Workshop",,,,,,,"Norman Centre",,"Bignold Road",,"Norwich","Norfolk","NR3 2QZ",,
"Computers - Web Page Skills For Beginner",,,,16/10/09 12:30,,,"Technology & Broadcasting","Workshop",,,,,,,"Norman Centre",,"Bignold Road",,"Norwich","Norfolk","NR3 2QZ",,
"Computers - Web Page Skills For Beginner",,,,23/10/09 12:30,,,"Technology & Broadcasting","Workshop",,,,,,,"Norman Centre",,"Bignold Road",,"Norwich","Norfolk","NR3 2QZ",,
"Computers - Web Page Skills For Beginner",,,,30/10/09 12:30,,,"Technology & Broadcasting","Workshop",,,,,,,"Norman Centre",,"Bignold Road",,"Norwich","Norfolk","NR3 2QZ",,
"Computers - Web Page Skills For Beginner",,,,06/11/09 12:30,,,"Technology & Broadcasting","Workshop",,,,,,,"Norman Centre",,"Bignold Road",,"Norwich","Norfolk","NR3 2QZ",,
"Computers - Web Page Skills For Beginner",,,,13/11/09 12:30,,,"Technology & Broadcasting","Workshop",,,,,,,"Norman Centre",,"Bignold Road",,"Norwich","Norfolk","NR3 2QZ",,
"Computers - Web Page Skills For Beginner",,,,20/11/09 12:30,,,"Technology & Broadcasting","Workshop",,,,,,,"Norman Centre",,"Bignold Road",,"Norwich","Norfolk","NR3 2QZ",,
"Plumbing-An Intro To Basic Domestic","A six week course in basic domestic plumbing.",,,01/10/09 19:00,,,"Community Action","Workshop",,,,,,,"Salhouse Road",,,,"Norwich","Norfolk","NR7 9DF",,
"Plumbing-An Intro To Basic Domestic","A six week course in basic domestic plumbing.",,,08/10/09 19:00,,,"Community Action","Workshop",,,,,,,"Salhouse Road",,,,"Norwich","Norfolk","NR7 9DF",,
"Plumbing-An Intro To Basic Domestic","A six week course in basic domestic plumbing.",,,15/10/09 19:00,,,"Community Action","Workshop",,,,,,,"Salhouse Road",,,,"Norwich","Norfolk","NR7 9DF",,
"Plumbing-An Intro To Basic Domestic","A six week course in basic domestic plumbing.",,,22/10/09 19:00,,,"Community Action","Workshop",,,,,,,"Salhouse Road",,,,"Norwich","Norfolk","NR7 9DF",,
"Plumbing-An Intro To Basic Domestic","A six week course in basic domestic plumbing.",,,29/10/09 19:00,,,"Community Action","Workshop",,,,,,,"Salhouse Road",,,,"Norwich","Norfolk","NR7 9DF",,
"Plumbing-An Intro To Basic Domestic","A six week course in basic domestic plumbing.",,,03/11/09 19:00,,,"Community Action","Workshop",,,,,,,"Salhouse Road",,,,"Norwich","Norfolk","NR7 9DF",,
"Plumbing-An Intro To Basic Domestic","A six week course in basic domestic plumbing.",,,10/11/09 19:00,,,"Community Action","Workshop",,,,,,,"Salhouse Road",,,,"Norwich","Norfolk","NR7 9DF",,
"Plumbing-An Intro To Basic Domestic","A six week course in basic domestic plumbing.",,,17/11/09 19:00,,,"Community Action","Workshop",,,,,,,"Salhouse Road",,,,"Norwich","Norfolk","NR7 9DF",,
"Flower Painting",,,,02/10/09 10:00,,,"Culture, Arts & Crafts","Workshop",,,,,,,"Oakfield Road",,,"Cringleford","Norwich","Norfolk","NR4 6XF",,
"Flower Painting",,,,09/10/09 10:00,,,"Culture, Arts & Crafts","Workshop",,,,,,,"Oakfield Road",,,"Cringleford","Norwich","Norfolk","NR4 6XF",,
"Flower Painting",,,,16/10/09 10:00,,,"Culture, Arts & Crafts","Workshop",,,,,,,"Oakfield Road",,,"Cringleford","Norwich","Norfolk","NR4 6XF",,
"Flower Painting",,,,23/10/09 10:00,,,"Culture, Arts & Crafts","Workshop",,,,,,,"Oakfield Road",,,"Cringleford","Norwich","Norfolk","NR4 6XF",,
"Flower Painting",,,,30/10/09 10:00,,,"Culture, Arts & Crafts","Workshop",,,,,,,"Oakfield Road",,,"Cringleford","Norwich","Norfolk","NR4 6XF",,
"Flower Painting",,,,06/11/09 10:00,,,"Culture, Arts & Crafts","Workshop",,,,,,,"Oakfield Road",,,"Cringleford","Norwich","Norfolk","NR4 6XF",,
"Flower Painting",,,,13/11/09 10:00,,,"Culture, Arts & Crafts","Workshop",,,,,,,"Oakfield Road",,,"Cringleford","Norwich","Norfolk","NR4 6XF",,
"Flower Painting",,,,20/11/09 10:00,,,"Culture, Arts & Crafts","Workshop",,,,,,,"Oakfield Road",,,"Cringleford","Norwich","Norfolk","NR4 6XF",,
"Flower Painting",,,,27/11/09 10:00,,,"Culture, Arts & Crafts","Workshop",,,,,,,"Oakfield Road",,,"Cringleford","Norwich","Norfolk","NR4 6XF",,
"Flower Painting",,,,04/12/09 10:00,,,"Culture, Arts & Crafts","Workshop",,,,,,,"Oakfield Road",,,"Cringleford","Norwich","Norfolk","NR4 6XF",,
"Poetry Workshop",,,,01/10/09 19:00,,,"Music and Performing Arts","Class",,,,,,,"169 King Street",,,,"Norwich","Norfolk","NR1 1QW",,
"Poetry Workshop",,,,08/10/09 19:00,,,"Music and Performing Arts","Class",,,,,,,"169 King Street",,,,"Norwich","Norfolk","NR1 1QW",,
"Poetry Workshop",,,,15/10/09 19:00,,,"Music and Performing Arts","Class",,,,,,,"169 King Street",,,,"Norwich","Norfolk","NR1 1QW",,
"Poetry Workshop",,,,22/10/09 19:00,,,"Music and Performing Arts","Class",,,,,,,"169 King Street",,,,"Norwich","Norfolk","NR1 1QW",,
"Poetry Workshop",,,,29/10/09 19:00,,,"Music and Performing Arts","Class",,,,,,,"169 King Street",,,,"Norwich","Norfolk","NR1 1QW",,
"Poetry Workshop",,,,05/11/09 19:00,,,"Music and Performing Arts","Class",,,,,,,"169 King Street",,,,"Norwich","Norfolk","NR1 1QW",,
"Poetry Workshop",,,,12/11/09 19:00,,,"Music and Performing Arts","Class",,,,,,,"169 King Street",,,,"Norwich","Norfolk","NR1 1QW",,
"Poetry Workshop",,,,19/11/09 19:00,,,"Music and Performing Arts","Class",,,,,,,"169 King Street",,,,"Norwich","Norfolk","NR1 1QW",,
"Poetry Workshop",,,,26/11/09 19:00,,,"Music and Performing Arts","Class",,,,,,,"169 King Street",,,,"Norwich","Norfolk","NR1 1QW",,
"Poetry Workshop",,,,03/12/09 19:00,,,"Music and Performing Arts","Class",,,,,,,"169 King Street",,,,"Norwich","Norfolk","NR1 1QW",,
"Poetry Workshop",,,,10/12/09 19:00,,,"Music and Performing Arts","Class",,,,,,,"169 King Street",,,,"Norwich","Norfolk","NR1 1QW",,
"Poetry Workshop",,,,17/12/09 19:00,,,"Music and Performing Arts","Class",,,,,,,"169 King Street",,,,"Norwich","Norfolk","NR1 1QW",,
"Computers - Tracing Your Family History",,,,07/10/09 19:00,,,"Technology & Broadcasting","Class",,,,,,,"Adult Education Office","Church Street",,,"Attleborough","Norfolk","NR17 2AH",,
"Computers - Tracing Your Family History",,,,14/10/09 19:00,,,"Technology & Broadcasting","Class",,,,,,,"Adult Education Office","Church Street",,,"Attleborough","Norfolk","NR17 2AH",,
"Computers - Tracing Your Family History",,,,21/10/09 19:00,,,"Technology & Broadcasting","Class",,,,,,,"Adult Education Office","Church Street",,,"Attleborough","Norfolk","NR17 2AH",,
"Computers - Web Page Skills For Beginner",,,,14/10/09 18:30,,,"Technology & Broadcasting","Workshop",,,,,,,"Wymondham High School","Norwich Road",,,"Wymondham","Norfolk","NR18 0NT",,
"Computers - Web Page Skills For Beginner",,,,21/10/09 18:30,,,"Technology & Broadcasting","Workshop",,,,,,,"Wymondham High School","Norwich Road",,,"Wymondham","Norfolk","NR18 0NT",,
"Computers - Web Page Skills For Beginner",,,,28/10/09 18:30,,,"Technology & Broadcasting","Workshop",,,,,,,"Wymondham High School","Norwich Road",,,"Wymondham","Norfolk","NR18 0NT",,
"Computers - Web Page Skills For Beginner",,,,04/11/09 18:30,,,"Technology & Broadcasting","Workshop",,,,,,,"Wymondham High School","Norwich Road",,,"Wymondham","Norfolk","NR18 0NT",,
"Computers - Web Page Skills For Beginner",,,,11/11/09 18:30,,,"Technology & Broadcasting","Workshop",,,,,,,"Wymondham High School","Norwich Road",,,"Wymondham","Norfolk","NR18 0NT",,
"Computers - Web Page Skills For Beginner",,,,18/11/09 18:30,,,"Technology & Broadcasting","Workshop",,,,,,,"Wymondham High School","Norwich Road",,,"Wymondham","Norfolk","NR18 0NT",,
"Computers - PC Internet Skills",,,,15/10/09 09:00,,,"Technology & Broadcasting","Workshop",,,,,,,"Wymondham High School","Norwich Road",,,"Wymondham","Norfolk","NR18 0NT",,
"Computers - PC Internet Skills",,,,22/10/09 09:00,,,"Technology & Broadcasting","Workshop",,,,,,,"Wymondham High School","Norwich Road",,,"Wymondham","Norfolk","NR18 0NT",,
"Computers - PC Internet Skills",,,,29/10/09 09:00,,,"Technology & Broadcasting","Workshop",,,,,,,"Wymondham High School","Norwich Road",,,"Wymondham","Norfolk","NR18 0NT",,
"Computers - PC Internet Skills",,,,05/11/09 09:00,,,"Technology & Broadcasting","Workshop",,,,,,,"Wymondham High School","Norwich Road",,,"Wymondham","Norfolk","NR18 0NT",,
"Computers - PC Internet Skills",,,,12/11/09 09:00,,,"Technology & Broadcasting","Workshop",,,,,,,"Wymondham High School","Norwich Road",,,"Wymondham","Norfolk","NR18 0NT",,
"Computers - PC Internet Skills",,,,19/11/09 09:00,,,"Community Action","Workshop",,,,,,,"Wymondham High School","Norwich Road",,,"Wymondham","Norfolk","NR18 0NT",,
"Gentle Yoga",,,,01/10/09 09:45,,,"Health and Wellbeing","Workshop",,,,,,,"Tanner Street",,,,"Thetford","Norfolk","IP24 2BQ",,
"Gentle Yoga",,,,08/10/09 09:45,,,"Health and Wellbeing","Workshop",,,,,,,"Tanner Street",,,,"Thetford","Norfolk","IP24 2BQ",,
"Gentle Yoga",,,,15/10/09 09:45,,,"Health and Wellbeing","Workshop",,,,,,,"Tanner Street",,,,"Thetford","Norfolk","IP24 2BQ",,
"Gentle Yoga",,,,22/10/09 09:45,,,"Health and Wellbeing","Workshop",,,,,,,"Tanner Street",,,,"Thetford","Norfolk","IP24 2BQ",,
"Gentle Yoga",,,,29/10/09 09:45,,,"Health and Wellbeing","Workshop",,,,,,,"Tanner Street",,,,"Thetford","Norfolk","IP24 2BQ",,
"Gentle Yoga",,,,05/11/09 09:45,,,"Health and Wellbeing","Workshop",,,,,,,"Tanner Street",,,,"Thetford","Norfolk","IP24 2BQ",,
"Gentle Yoga",,,,12/11/09 09:45,,,"Health and Wellbeing","Workshop",,,,,,,"Tanner Street",,,,"Thetford","Norfolk","IP24 2BQ",,
"Gentle Yoga",,,,19/11/09 09:45,,,"Health and Wellbeing","Workshop",,,,,,,"Tanner Street",,,,"Thetford","Norfolk","IP24 2BQ",,
"Gentle Yoga",,,,26/11/09 09:45,,,"Health and Wellbeing","Workshop",,,,,,,"Tanner Street",,,,"Thetford","Norfolk","IP24 2BQ",,
"Gentle Yoga",,,,03/12/09 09:45,,,"Health and Wellbeing","Workshop",,,,,,,"Tanner Street",,,,"Thetford","Norfolk","IP24 2BQ",,
"Aromatherapy Workshop",,,,03/10/09 10:00,,,"Health and Wellbeing","Workshop",,,,,,,"Iceni Partnership",,,"Campinglands","Swaffham","Norfolk","PE37 7RB",,
"Birds In Autumn – Titchwell",,,,17/10/09 10:00,,,"Nature & the Environment","Other",,,,,,,"Titchwell RSPB Reserve",,,,"King's Lynn","Norfolk",,,
"Yoga, Meditation & Deep Relaxation",,,,24/10/09 10:00,,,"Health and Wellbeing","Other",,,,,,,"Caley Mill, Lynn Road",,"Heacham",,"King's Lynn","Norfolk","PE31 7JE",,
"Computers - Tracing Your Family History",,,,05/10/09 17:30,,,"Technology & Broadcasting","Class",,,,,,,"River Lane",,,,"King's Lynn","Norfolk","PE30 4HD",,
"Computers - Tracing Your Family History",,,,12/10/09 17:30,,,"Technology & Broadcasting","Class",,,,,,,"River Lane",,,,"King's Lynn","Norfolk","PE30 4HD",,
"Computers - Tracing Your Family History",,,,19/10/09 17:30,,,"Technology & Broadcasting","Class",,,,,,,"River Lane",,,,"King's Lynn","Norfolk","PE30 4HD",,
"Computers - Choose IT - Use IT",,,,16/10/09 10:00,,,"Technology & Broadcasting","Workshop",,,,,,,"Rosebery Avenue",,,"Gaywood","King's Lynn","Norfolk","PE30 4AA",,
"Computers - Choose IT - Use IT",,,,23/10/09 10:00,,,"Technology & Broadcasting","Workshop",,,,,,,"Rosebery Avenue",,,"Gaywood","King's Lynn","Norfolk","PE30 4AA",,
"Computers - Choose IT - Use IT",,,,30/10/09 10:00,,,"Technology & Broadcasting","Workshop",,,,,,,"Rosebery Avenue",,,"Gaywood","King's Lynn","Norfolk","PE30 4AA",,
"Computers - Choose IT - Use IT",,,,06/11/09 10:00,,,"Technology & Broadcasting","Workshop",,,,,,,"Rosebery Avenue",,,"Gaywood","King's Lynn","Norfolk","PE30 4AA",,
"Computers - Choose IT - Use IT",,,,13/11/09 10:00,,,"Technology & Broadcasting","Workshop",,,,,,,"Rosebery Avenue",,,"Gaywood","King's Lynn","Norfolk","PE30 4AA",,
"Computers - Choose IT - Use IT",,,,20/11/09 10:00,,,"Technology & Broadcasting","Workshop",,,,,,,"Rosebery Avenue",,,"Gaywood","King's Lynn","Norfolk","PE30 4AA",,
